{"cameraMode":{"drawMode":0,"name":"Shaded","section":"Shading Mode"},"sceneLighting":true,"audioPlay":false,"sceneViewState":{"m_AlwaysRefresh":false,"showFog":true,"showSkybox":true,"showFlares":true,"showImageEffects":true,"showParticleSystems":true,"showVisualEffectGraphs":true,"m_FxEnabled":true},"in2DMode":false,"pivot":{"x":58.25743103027344,"y":21.807662963867189,"z":-191.48471069335938},"rotation":{"x":0.02848968654870987,"y":0.7731349468231201,"z":-0.03481396660208702,"w":0.6326501965522766},"size":125.6656265258789,"orthographic":false}